<!DOCTYPE liferay-portlet-app PUBLIC
    "-//Liferay//DTD Portlet Application 5.2.0//EN"
    "http://www.liferay.com/dtd/liferay-portlet-app_5_2_0.dtd">
<liferay-portlet-app>
   <portlet>
      <portlet-name>ShareMyDocLibs</portlet-name>
      <user-principal-strategy>screenName</user-principal-strategy>
   </portlet>
   <portlet>
      <portlet-name>ShareSiteDocLib</portlet-name>
      <preferences-unique-per-layout>true</preferences-unique-per-layout>
      <user-principal-strategy>screenName</user-principal-strategy>
   </portlet>
   <portlet>
      <portlet-name>ShareRepoBrowser</portlet-name>
      <user-principal-strategy>screenName</user-principal-strategy>
   </portlet>
   <role-mapper>
       <role-name>administrator</role-name>
       <role-link>Administrator</role-link>
   </role-mapper>
   <role-mapper>
       <role-name>guest</role-name>
       <role-link>Guest</role-link>
   </role-mapper>
   <role-mapper>
       <role-name>power-user</role-name>
       <role-link>Power User</role-link>
   </role-mapper>
   <role-mapper>
       <role-name>user</role-name>
       <role-link>User</role-link>
   </role-mapper>
</liferay-portlet-app>
