<alfresco-config>

   <config evaluator="string-compare" condition="WebFramework">
   
      <web-framework>
      
         <!-- Configure Surf Defaults -->
         <defaults>
            <!-- Service Overrides -->
            <page-mapper-factory>webframework.factory.pagemapper.slingshot</page-mapper-factory>
            <user-factory>webframework.factory.user.slingshot</user-factory>
            
            <!-- Setting Overrides -->
            <site-configuration>slingshot.site.configuration</site-configuration>
            <region-chrome>slingshot-region-chrome</region-chrome>
            <!-- no chrome required for components -->
            <component-chrome></component-chrome>
            
            <!-- Slingshot specific page types -->
            <page-type>
               <id>login</id>
               <page-instance-id>slingshot-login</page-instance-id>
            </page-type>
            <page-type>
               <id>logout</id>
               <page-instance-id>slingshot-logout</page-instance-id>
            </page-type>
            
            <!-- theme - currently one of: default, greenTheme, hcBlack -->
            <theme>default</theme>
         </defaults>
         
         <error-handler>
            <id>region-nocomponent</id>
            <processor-id>nocomponent</processor-id>        
         </error-handler>
         
         <!-- Autowire Runtime Settings -->
         <autowire>
            <!-- Pick the runtime: classpath, webapp, local, alfresco -->               
            <runtime>alfresco</runtime>
            
            <!-- Pick the mode: development, production -->             
            <mode>production</mode>
         </autowire>
      
      </web-framework>

   </config>

</alfresco-config>